Ticker,Date/Time,Open,High,Low,Close,Volume
REE,1/5/2015,20.89,21.11,20.74,20.74,564940
REE,1/6/2015,20.44,21.11,20.44,21.11,701720
REE,1/7/2015,20.97,21.26,20.89,20.89,511170
REE,1/8/2015,20.82,20.89,20.59,20.67,576380
REE,1/9/2015,20.67,20.97,20.67,20.82,602250
REE,1/12/2015,20.82,21.19,20.67,20.97,977040
REE,1/13/2015,20.89,21.11,20.82,21.11,510930
REE,1/14/2015,21.26,21.56,21.11,21.41,2206320
REE,1/15/2015,21.41,21.56,21.34,21.56,728400
REE,1/16/2015,21.56,21.64,21.26,21.34,455700
REE,1/19/2015,21.26,21.41,20.89,20.97,853240
REE,1/20/2015,20.97,21.19,20.89,21.04,532380
REE,1/21/2015,21.19,21.41,21.04,21.11,1201140
REE,1/22/2015,21.19,21.26,21.11,21.19,545320
REE,1/23/2015,21.26,21.64,21.19,21.64,1199550
REE,1/26/2015,21.64,21.93,21.64,21.71,975020
REE,1/27/2015,21.71,21.71,21.19,21.19,1506040
REE,1/28/2015,21.56,21.86,21.41,21.64,1749290
REE,1/29/2015,21.71,21.71,21.41,21.64,746010
REE,1/30/2015,21.64,21.64,21.11,21.19,1097030
REE,2/2/2015,21.11,21.19,20.97,20.97,796250
REE,2/3/2015,20.97,21.34,20.82,20.82,1349910
REE,2/4/2015,20.89,20.89,20.74,20.74,560860
REE,2/5/2015,20.97,21.11,20.82,21.11,243050
REE,2/6/2015,21.11,21.19,20.89,21.19,387320
REE,2/9/2015,21.19,21.19,20.97,20.97,318740
REE,2/10/2015,20.97,21.19,20.89,21.19,303640
REE,2/11/2015,21.04,21.34,21.04,21.34,349340
REE,2/12/2015,21.34,21.78,21.34,21.71,939570
REE,2/13/2015,21.93,22.08,21.78,21.93,887320
REE,2/24/2015,21.93,22.01,21.86,22.01,666770
REE,2/25/2015,22.40,22.40,21.85,21.85,1178180
REE,2/26/2015,21.93,21.93,21.61,21.61,798340
REE,2/27/2015,21.77,21.77,21.61,21.61,423510
REE,3/2/2015,21.61,21.61,21.46,21.46,586090
REE,3/3/2015,21.46,21.69,21.46,21.69,519730
REE,3/4/2015,21.77,22.01,21.77,22.01,689080
REE,3/5/2015,22.01,22.01,21.85,21.93,799720
REE,3/6/2015,22.16,22.16,21.93,22.01,1213850
REE,3/9/2015,21.85,22.01,21.69,21.77,398980
REE,3/10/2015,21.69,21.77,21.61,21.69,389940
REE,3/11/2015,21.69,21.77,21.53,21.53,377040
REE,3/12/2015,21.61,21.61,21.46,21.61,295930
REE,3/13/2015,21.69,21.77,21.61,21.61,251990
REE,3/16/2015,21.61,21.61,21.46,21.46,436120
REE,3/17/2015,21.46,21.53,21.38,21.53,291220
REE,3/18/2015,21.61,21.61,21.30,21.38,321700
REE,3/19/2015,21.38,21.53,21.22,21.22,416730
REE,3/20/2015,21.14,21.30,21.06,21.22,342550
REE,3/23/2015,21.30,21.30,20.98,20.98,328740
REE,3/24/2015,20.98,20.98,20.59,20.75,619280
REE,3/25/2015,20.67,20.91,20.67,20.67,309440
REE,3/26/2015,20.67,20.91,20.59,20.75,617310
REE,3/27/2015,20.98,20.98,20.67,20.67,213180
REE,3/30/2015,20.67,20.83,20.43,20.51,353580
REE,3/31/2015,20.51,20.67,20.43,20.67,286670
REE,4/1/2015,20.75,20.75,20.20,20.28,586430
REE,4/2/2015,20.28,20.43,20.20,20.43,363090
REE,4/3/2015,20.43,20.43,20.28,20.28,374000
REE,4/6/2015,20.43,20.51,20.35,20.35,216740
REE,4/7/2015,20.43,20.51,20.28,20.51,231080
REE,4/8/2015,20.59,20.67,20.51,20.59,222770
REE,4/9/2015,20.59,20.67,20.51,20.51,211860
REE,4/10/2015,20.51,20.75,20.51,20.59,343500
REE,4/13/2015,20.59,20.75,20.51,20.67,247130
REE,4/14/2015,20.67,20.67,20.43,20.51,162260
REE,4/15/2015,20.51,20.51,20.43,20.43,303480
REE,4/16/2015,20.43,20.67,20.43,20.67,344720
REE,4/17/2015,20.67,21.22,20.67,21.06,875300
REE,4/20/2015,21.06,21.06,20.83,20.98,192700
REE,4/21/2015,20.91,20.98,20.75,20.75,284200
REE,4/22/2015,20.75,20.75,20.51,20.59,399510
REE,4/23/2015,20.59,20.67,20.43,20.51,286670
REE,4/24/2015,20.51,20.67,20.43,20.59,167690
REE,4/27/2015,20.59,20.83,20.51,20.59,158070
REE,5/4/2015,20.59,20.59,19.96,20.04,717960
REE,5/5/2015,20.04,20.20,19.73,20.20,482250
REE,5/6/2015,20.20,20.20,19.89,19.89,360960
REE,5/7/2015,19.89,20.04,19.81,19.96,208750
REE,5/8/2015,19.96,20.20,19.96,19.96,173390
REE,5/11/2015,19.96,20.04,19.89,19.96,71930
REE,5/12/2015,19.96,20.04,19.73,19.89,289840
REE,5/13/2015,19.89,20.04,19.81,19.81,189390
REE,5/14/2015,19.81,19.81,19.65,19.73,303130
REE,5/15/2015,19.73,19.81,19.33,19.41,573960
REE,5/18/2015,19.33,19.41,18.78,18.78,637070
REE,5/19/2015,18.78,19.49,18.78,18.86,196150
REE,5/20/2015,18.86,19.65,18.86,19.65,458490
REE,5/21/2015,19.65,20.04,19.49,19.89,301910
REE,5/22/2015,19.73,20.12,19.73,19.96,375040
REE,5/25/2015,20.12,20.12,19.81,20.04,133450
REE,5/26/2015,20.04,20.12,19.81,20.04,198930
REE,5/27/2015,20.04,20.04,19.81,19.81,159450
REE,5/28/2015,19.81,20.28,19.73,19.96,397550
REE,5/29/2015,19.96,20.12,19.89,19.89,216970
REE,6/1/2015,19.89,20.04,19.81,19.81,126610
REE,6/2/2015,19.96,19.96,19.65,19.65,235620
REE,6/3/2015,19.73,19.73,19.57,19.65,137680
REE,6/4/2015,19.89,19.96,19.81,19.81,449520
REE,6/5/2015,19.96,20.59,19.89,20.43,1417990
REE,6/8/2015,20.59,20.67,20.35,20.35,778740
REE,6/9/2015,20.28,20.43,20.04,20.12,363530
REE,6/10/2015,20.12,20.20,19.89,19.96,539780
REE,6/11/2015,20.12,20.35,20.04,20.20,452540
REE,6/12/2015,20.28,20.35,20.04,20.20,402250
REE,6/15/2015,20.28,20.35,20.04,20.04,304110
REE,6/16/2015,20.28,20.28,20.04,20.12,211870
REE,6/17/2015,20.12,20.12,19.96,19.96,291810
REE,6/18/2015,20.04,20.12,19.96,20.04,270990
REE,6/19/2015,20.12,20.43,20.12,20.20,496920
REE,6/22/2015,20.28,20.59,20.20,20.51,435760
REE,6/23/2015,20.43,20.75,20.43,20.51,504480
REE,6/24/2015,20.43,20.59,20.28,20.43,383850
REE,6/25/2015,20.28,20.43,20.28,20.28,224940
REE,6/26/2015,20.28,21.69,20.28,20.83,2616340
REE,6/29/2015,20.98,21.30,20.59,21.30,1136080
REE,6/30/2015,21.14,21.38,20.98,21.14,780000
REE,7/1/2015,21.14,21.22,20.83,21.14,667590
REE,7/2/2015,21.14,21.22,20.91,21.22,797700
REE,7/3/2015,21.38,21.69,21.30,21.53,1828890
REE,7/6/2015,21.85,21.85,21.53,21.69,1044470
REE,7/7/2015,21.61,22.56,21.46,22.09,2045390
REE,7/8/2015,22.09,22.16,21.22,21.77,1325990
REE,7/9/2015,21.46,21.77,21.38,21.77,639880
REE,7/10/2015,21.69,22.09,21.69,21.85,1236690
REE,7/13/2015,22.01,22.09,21.77,21.85,752730
REE,7/14/2015,21.85,22.01,21.69,22.01,1087440
REE,7/15/2015,22.09,22.71,21.85,21.85,1773480
REE,7/16/2015,21.77,22.16,21.77,22.16,729130
REE,7/17/2015,22.24,22.40,22.09,22.16,896720
REE,7/20/2015,21.85,22.01,21.53,21.69,945920
REE,7/21/2015,21.69,21.85,21.38,21.38,640550
REE,7/22/2015,21.30,21.85,21.30,21.85,724550
REE,7/23/2015,22.01,22.16,21.77,21.85,835180
REE,7/24/2015,21.93,22.40,21.85,22.24,1788090
REE,7/27/2015,22.24,23.74,22.24,23.74,4425790
REE,7/28/2015,23.74,24.13,23.42,23.42,1610280
REE,7/29/2015,23.42,23.58,23.03,23.11,1656870
REE,7/30/2015,22.95,23.34,22.95,23.03,870740
REE,7/31/2015,23.03,23.42,22.95,22.95,927100
REE,8/3/2015,22.71,22.71,21.85,22.09,2008470
REE,8/4/2015,22.16,22.56,21.93,22.09,865310
REE,8/5/2015,22.40,22.56,22.24,22.56,496190
REE,8/6/2015,22.40,22.56,22.16,22.24,564830
REE,8/7/2015,22.16,22.40,22.01,22.24,592550
REE,8/10/2015,22.40,23.11,22.40,23.11,1703030
REE,8/11/2015,23.18,23.42,22.79,22.79,1337140
REE,8/12/2015,22.64,22.71,22.32,22.40,1426730
REE,8/13/2015,22.32,22.32,21.85,22.01,1383530
REE,8/14/2015,22.01,22.24,21.69,21.93,892190
REE,8/17/2015,21.93,21.93,21.30,21.38,947450
REE,8/18/2015,21.38,21.61,21.30,21.61,558130
REE,8/19/2015,21.22,21.93,21.22,21.93,962690
REE,8/20/2015,21.61,21.93,21.46,21.46,565240
REE,8/21/2015,21.22,21.30,20.59,21.22,1561880
REE,8/24/2015,20.59,20.83,19.81,19.81,2150680
REE,8/25/2015,19.02,19.89,19.02,19.65,1336850
REE,8/26/2015,19.49,20.43,19.49,20.04,906270
REE,8/27/2015,20.35,20.59,20.20,20.28,1198110
REE,8/28/2015,20.35,20.59,20.28,20.59,777300
REE,8/31/2015,20.59,20.59,20.12,20.12,642750
REE,9/1/2015,20.28,20.28,19.89,20.04,304270
REE,9/3/2015,19.81,20.04,19.73,19.81,409380
REE,9/4/2015,19.73,19.96,19.73,19.73,219240
REE,9/7/2015,19.89,19.96,19.65,19.65,177410
REE,9/8/2015,19.65,19.96,19.65,19.89,211580
REE,9/9/2015,20.04,20.20,19.96,20.04,294330
REE,9/10/2015,19.96,20.04,19.81,19.96,254450
REE,9/11/2015,19.89,20.04,19.89,19.89,183140
REE,9/14/2015,19.96,19.96,19.57,19.57,255330
REE,9/15/2015,19.49,19.57,19.33,19.41,315350
REE,9/16/2015,19.49,19.65,19.41,19.65,144270
REE,9/17/2015,19.57,19.73,19.49,19.65,119120
REE,9/18/2015,20.04,20.04,19.73,19.89,269530
REE,9/21/2015,19.89,19.96,19.10,19.96,197750
REE,9/22/2015,19.96,20.51,19.96,20.28,597000
REE,9/23/2015,20.20,20.35,20.12,20.12,316230
REE,9/24/2015,20.20,20.43,20.20,20.20,257370
REE,9/25/2015,20.28,20.28,20.04,20.12,280790
REE,9/28/2015,20.04,20.12,19.89,19.96,132770
REE,9/29/2015,19.81,19.89,19.65,19.81,328830
REE,9/30/2015,19.81,19.96,19.73,19.73,257050
REE,10/1/2015,19.81,19.81,19.65,19.73,190560
REE,10/2/2015,19.81,19.81,19.65,19.65,242340
REE,10/5/2015,19.65,20.04,19.65,19.96,234420
REE,10/6/2015,20.28,20.43,20.12,20.28,763910
REE,10/7/2015,20.43,20.43,20.04,20.04,258810
REE,10/8/2015,20.04,20.43,20.04,20.43,512820
REE,10/9/2015,20.43,20.43,20.20,20.35,512360
REE,10/12/2015,20.35,20.35,20.20,20.28,321510
REE,10/13/2015,20.20,20.20,20.12,20.12,228620
REE,10/14/2015,20.04,20.20,19.96,19.96,432110
REE,10/15/2015,19.96,20.28,19.96,20.20,660270
REE,10/16/2015,20.20,20.59,20.20,20.51,1242650
REE,10/19/2015,20.59,21.06,20.43,20.91,1139580
REE,10/20/2015,20.91,20.98,20.59,20.67,792650
REE,10/21/2015,20.67,20.83,20.43,20.43,824350
REE,10/22/2015,20.43,20.75,20.43,20.59,390240
REE,10/23/2015,20.59,20.75,20.59,20.67,346550
REE,10/26/2015,20.67,20.75,20.51,20.51,391700
REE,10/27/2015,20.51,20.98,20.43,20.98,571070
REE,10/28/2015,20.98,21.53,20.91,21.22,1554890
REE,10/29/2015,21.22,21.46,21.14,21.22,447940
REE,10/30/2015,21.22,21.30,21.06,21.06,336450
REE,11/2/2015,21.06,21.14,20.59,20.59,750650
REE,11/3/2015,20.59,20.91,20.59,20.91,368240
REE,11/4/2015,20.91,21.06,20.75,20.75,362220
REE,11/5/2015,20.67,20.83,20.67,20.75,193430
REE,11/6/2015,20.75,20.75,20.43,20.51,560250
REE,11/9/2015,20.59,20.59,20.35,20.35,366010
REE,11/10/2015,20.35,20.35,20.20,20.28,329170
REE,11/11/2015,20.28,20.28,20.04,20.12,321550
REE,11/12/2015,19.96,20.04,19.73,19.96,662480
REE,11/13/2015,19.96,19.96,19.81,19.89,668960
REE,11/16/2015,19.89,19.96,19.65,19.73,444210
REE,11/17/2015,19.81,19.96,19.65,19.89,918000
REE,11/18/2015,19.89,19.96,19.81,19.89,602630
REE,11/19/2015,19.89,19.96,19.81,19.96,488010
REE,11/20/2015,19.89,20.04,19.89,19.89,262680
REE,11/23/2015,19.81,20.04,19.81,19.89,307770
REE,11/24/2015,19.89,20.04,19.89,19.96,523860
REE,11/25/2015,19.89,20.04,19.89,20.04,272460
REE,11/26/2015,20.04,20.35,19.96,20.20,422250
REE,11/27/2015,20.12,20.28,19.96,19.96,217410
REE,11/30/2015,20.04,20.04,19.89,19.96,653340
REE,12/1/2015,19.96,20.04,19.89,19.96,278310
REE,12/2/2015,19.96,20.20,19.96,20.04,253300
REE,12/3/2015,20.04,20.12,19.96,20.04,81280
REE,12/4/2015,20.04,20.04,19.81,19.96,306260
REE,12/7/2015,19.96,19.96,19.73,19.73,73920
REE,12/8/2015,19.65,19.89,19.57,19.81,129630
REE,12/9/2015,19.73,19.89,19.65,19.65,111970
REE,12/10/2015,19.65,19.73,19.65,19.65,460540
REE,12/11/2015,19.65,19.81,19.65,19.65,79180
REE,12/14/2015,19.73,19.73,19.57,19.65,104240
REE,12/15/2015,19.65,19.89,19.65,19.89,233680
REE,12/16/2015,19.89,20.28,19.81,20.20,236410
REE,12/17/2015,20.28,20.51,20.28,20.28,288440
REE,12/18/2015,20.28,20.83,20.20,20.51,756580
REE,12/21/2015,20.59,20.67,20.35,20.35,532660
REE,12/22/2015,20.28,20.28,19.89,19.96,376770
REE,12/23/2015,19.89,19.96,19.81,19.89,236730
REE,12/24/2015,19.89,19.96,19.89,19.89,147140
REE,12/25/2015,19.89,20.04,19.89,19.96,112090
REE,12/28/2015,19.96,19.96,19.81,19.89,248050
REE,12/29/2015,19.89,20.04,19.81,19.89,234920
REE,12/30/2015,19.89,19.96,19.73,19.73,259380
REE,12/31/2015,19.73,19.96,19.73,19.81,150510
REE,1/4/2016,19.81,19.89,19.65,19.73,195650
REE,1/5/2016,19.65,19.73,19.33,19.41,247280
REE,1/6/2016,19.41,19.57,19.33,19.49,256010
REE,1/7/2016,19.49,19.49,19.18,19.33,430010
REE,1/8/2016,19.26,19.26,19.02,19.02,388170
REE,1/11/2016,19.02,19.33,19.02,19.02,206890
REE,1/12/2016,19.18,19.57,19.10,19.57,252660
REE,1/13/2016,19.73,20.04,19.65,19.81,662530
REE,1/14/2016,19.57,19.81,19.49,19.73,283560
REE,1/15/2016,19.81,19.81,19.41,19.41,74090
REE,1/18/2016,19.02,19.02,18.47,18.55,830590
REE,1/19/2016,18.55,18.86,18.55,18.86,273900
REE,1/20/2016,18.71,19.02,18.71,18.71,157410
REE,1/21/2016,18.71,18.78,18.39,18.39,307370
REE,1/22/2016,18.47,18.63,18.16,18.63,275220
REE,1/25/2016,18.63,19.41,18.63,19.26,302020
REE,1/26/2016,19.26,19.57,18.86,19.41,254160
REE,1/27/2016,19.57,19.65,19.49,19.49,176280
REE,1/28/2016,19.57,19.57,19.33,19.33,114830
REE,1/29/2016,19.33,19.96,19.33,19.89,426980
REE,2/1/2016,19.96,19.96,19.65,19.81,200910
REE,2/2/2016,19.81,20.04,19.81,19.96,298450
REE,2/3/2016,19.89,19.89,19.73,19.89,203110
REE,2/4/2016,19.81,20.04,19.81,19.89,116290
REE,2/5/2016,20.04,20.20,19.89,20.04,410290
REE,2/15/2016,20.28,20.28,20.04,20.28,337840
REE,2/16/2016,20.28,20.43,20.12,20.12,336090
REE,2/17/2016,20.28,20.43,20.20,20.35,424410
REE,2/18/2016,20.35,20.35,20.20,20.35,365810
REE,2/19/2016,20.35,20.35,20.12,20.12,302490
REE,2/22/2016,20.12,20.35,20.12,20.20,200250
REE,2/23/2016,20.35,20.35,20.12,20.20,397400
REE,2/24/2016,20.20,20.35,20.12,20.35,362930
REE,2/25/2016,20.28,20.35,20.12,20.20,402420
REE,2/26/2016,20.61,20.61,20.20,20.20,360860
REE,2/29/2016,20.20,20.20,19.95,20.03,108760
REE,3/1/2016,19.95,21.42,19.87,21.26,2559430
REE,3/2/2016,21.42,21.59,20.85,20.93,1187640
REE,3/3/2016,21.10,21.10,20.44,20.44,536880
REE,3/4/2016,20.44,20.85,20.28,20.69,1266960
REE,3/7/2016,20.69,20.77,20.52,20.52,633480
REE,3/8/2016,20.52,20.61,20.36,20.36,609400
REE,3/9/2016,20.36,20.36,20.12,20.20,588470
REE,3/10/2016,20.36,20.36,20.12,20.20,351840
REE,3/11/2016,20.20,20.52,20.20,20.28,822890
REE,3/14/2016,20.36,20.36,20.20,20.36,326330
REE,3/15/2016,20.36,20.36,20.12,20.12,309580
REE,3/16/2016,20.12,20.28,20.03,20.20,303630
REE,3/17/2016,20.44,20.61,20.36,20.44,679050
REE,3/18/2016,20.44,20.44,20.36,20.36,197020
REE,3/21/2016,20.36,20.44,20.20,20.20,201410
REE,3/22/2016,20.20,20.20,20.03,20.12,109230
REE,3/23/2016,20.28,20.28,20.12,20.20,308270
REE,3/24/2016,20.20,20.36,20.20,20.20,368810
REE,3/25/2016,20.20,20.28,20.03,20.03,314270
REE,3/28/2016,20.03,20.03,19.95,19.95,203570
REE,3/29/2016,19.95,20.28,19.87,19.95,269020
REE,3/30/2016,19.95,20.20,19.95,20.12,132490
REE,3/31/2016,20.28,20.28,19.95,19.95,264010
REE,4/1/2016,19.95,19.95,19.63,19.71,232340
REE,4/4/2016,19.63,19.79,19.46,19.55,160070
REE,4/5/2016,19.55,19.63,19.38,19.46,170040
REE,4/6/2016,19.46,19.55,19.38,19.55,77480
REE,4/7/2016,19.71,19.71,19.46,19.55,91700
REE,4/8/2016,19.63,19.63,19.38,19.38,153610
REE,4/11/2016,19.38,19.55,19.38,19.46,234460
REE,4/12/2016,19.55,19.55,19.38,19.46,146100
REE,4/13/2016,19.46,19.55,19.30,19.30,101750
REE,4/14/2016,19.30,19.55,19.30,19.30,143120
REE,4/15/2016,19.38,19.46,19.05,19.05,196570
REE,4/19/2016,19.05,19.05,18.73,18.73,319430
REE,4/20/2016,18.81,18.89,18.65,18.65,223870
REE,4/21/2016,18.65,18.81,18.65,18.81,141050
REE,4/22/2016,18.97,19.46,18.81,19.46,483960
REE,4/25/2016,19.63,19.79,19.38,19.38,478630
REE,4/26/2016,19.38,19.46,19.30,19.46,151750
REE,4/27/2016,19.46,19.46,19.30,19.38,295860
REE,4/28/2016,19.46,19.46,19.22,19.30,202190
REE,4/29/2016,19.38,19.38,19.22,19.30,285790
REE,5/4/2016,19.22,19.30,19.14,19.22,242080
REE,5/5/2016,19.22,19.55,19.14,19.46,429050
REE,5/6/2016,19.55,19.63,19.46,19.63,280590
REE,5/9/2016,19.63,19.63,19.38,19.38,222850
REE,5/10/2016,19.38,19.46,19.22,19.30,195480
REE,5/11/2016,19.75,19.75,19.47,19.66,398510
REE,5/12/2016,19.75,19.75,19.56,19.56,239100
REE,5/13/2016,19.66,19.66,19.37,19.37,233430
REE,5/16/2016,19.47,19.56,19.28,19.28,180680
REE,5/17/2016,19.37,19.75,19.37,19.66,406210
REE,5/18/2016,19.75,19.84,19.66,19.66,430010
REE,5/19/2016,19.66,19.75,19.47,19.56,332790
REE,5/20/2016,19.75,19.75,19.56,19.56,122590
REE,5/23/2016,19.66,19.84,19.47,19.47,274580
REE,5/24/2016,19.75,19.84,19.56,19.56,274420
REE,5/25/2016,19.94,19.94,19.56,19.75,203390
REE,5/26/2016,19.94,19.94,19.56,19.56,205030
REE,5/27/2016,19.75,19.75,19.66,19.66,203020
REE,5/30/2016,19.66,19.66,19.56,19.66,98040
REE,5/31/2016,19.66,19.66,19.47,19.47,159940
REE,6/1/2016,19.47,19.66,19.47,19.47,90700
REE,6/2/2016,19.56,19.56,19.37,19.47,91000
REE,6/3/2016,19.47,19.56,19.37,19.47,63940
REE,6/6/2016,19.47,19.47,19.28,19.37,145930
REE,6/7/2016,19.75,19.75,19.37,19.56,245210
REE,6/8/2016,19.56,19.66,19.37,19.66,275480
REE,6/9/2016,19.66,19.66,19.47,19.56,84680
REE,6/10/2016,19.66,20.41,19.56,20.22,1195360
REE,6/13/2016,20.13,20.22,19.94,20.03,394040
REE,6/14/2016,19.75,20.03,19.75,20.03,185210
REE,6/15/2016,20.03,20.03,19.84,20.03,327440
REE,6/16/2016,20.03,20.03,19.75,19.84,381690
REE,6/17/2016,19.84,19.84,19.66,19.66,238390
REE,6/20/2016,19.66,19.75,19.37,19.56,170290
REE,6/21/2016,19.56,20.03,19.56,19.84,457850
REE,6/22/2016,19.75,20.13,19.75,20.13,442890
REE,6/23/2016,20.13,20.13,19.84,20.03,287990
REE,6/24/2016,20.03,20.03,18.81,19.37,723100
REE,6/27/2016,19.00,19.18,18.90,19.00,267010
REE,6/28/2016,19.09,19.18,19.00,19.18,88370
REE,6/29/2016,19.28,19.47,19.18,19.28,198620
REE,6/30/2016,19.47,19.47,19.28,19.28,196640
REE,7/1/2016,19.37,19.37,19.18,19.18,126760
REE,7/4/2016,19.18,19.56,19.18,19.47,163600
REE,7/5/2016,19.56,19.56,19.28,19.37,298950
REE,7/6/2016,19.28,19.94,19.18,19.56,462490
REE,7/7/2016,19.84,19.84,19.47,19.56,290090
REE,7/8/2016,19.56,19.66,19.37,19.37,262040
REE,7/11/2016,19.37,19.56,19.00,19.18,395840
REE,7/12/2016,19.37,19.47,19.18,19.28,185440
REE,7/13/2016,19.28,19.56,19.28,19.47,379160
REE,7/14/2016,19.56,20.03,19.47,19.47,922270
REE,7/15/2016,19.66,19.66,19.47,19.66,217060
REE,7/18/2016,19.66,19.75,19.56,19.56,168200
REE,7/19/2016,19.66,19.66,19.28,19.37,248010
REE,7/20/2016,19.37,19.47,19.28,19.28,188890
REE,7/21/2016,19.18,19.47,19.18,19.28,145290
REE,7/22/2016,19.28,19.28,19.09,19.28,307850
REE,7/25/2016,19.18,19.47,19.09,19.37,147510
REE,7/26/2016,19.28,19.37,19.18,19.18,54950
REE,7/27/2016,19.37,19.37,19.18,19.18,284080
REE,7/28/2016,19.28,19.75,19.18,19.75,601440
REE,7/29/2016,19.75,19.75,19.37,19.37,288180
REE,8/1/2016,19.37,19.37,19.00,19.00,275710
REE,8/2/2016,19.00,19.00,18.53,18.81,834780
REE,8/3/2016,18.71,18.71,18.43,18.43,157300
REE,8/4/2016,18.81,18.90,18.62,18.62,310180
REE,8/5/2016,18.43,18.62,18.15,18.24,236600
REE,8/8/2016,18.24,18.71,18.24,18.62,201820
REE,8/9/2016,18.62,18.90,18.62,18.90,413450
REE,8/10/2016,18.81,19.09,18.71,19.00,300460
REE,8/11/2016,19.00,19.09,18.90,19.09,261750
REE,8/12/2016,19.18,19.18,18.90,19.09,484540
REE,8/15/2016,19.18,19.47,19.09,19.47,440500
REE,8/16/2016,19.47,19.56,19.37,19.37,368270
REE,8/17/2016,19.47,19.47,19.18,19.37,334800
REE,8/18/2016,19.37,19.47,19.00,19.00,193570
REE,8/19/2016,19.00,19.18,18.90,19.00,168600
REE,8/22/2016,19.09,19.18,19.00,19.00,66400
REE,8/23/2016,18.90,19.00,18.90,19.00,122440
REE,8/24/2016,19.09,19.18,19.00,19.09,134610
REE,8/25/2016,19.00,19.09,18.81,19.00,169650
REE,8/26/2016,19.09,19.09,19.00,19.09,82270
REE,8/29/2016,19.18,19.28,18.81,18.81,252150
REE,8/30/2016,19.00,19.09,18.71,18.81,367160
REE,8/31/2016,19.09,19.09,18.71,18.90,242070
REE,9/1/2016,18.90,19.09,18.81,18.90,97300
REE,9/5/2016,18.90,19.00,18.71,18.71,211680
REE,9/6/2016,18.71,19.66,18.71,19.37,1326700
REE,9/7/2016,19.28,19.37,19.18,19.37,296400
REE,9/8/2016,19.28,19.37,19.18,19.18,144990
REE,9/9/2016,19.18,19.37,19.00,19.18,416520
REE,9/12/2016,19.00,19.33,19.00,19.28,407980
REE,9/13/2016,19.28,19.33,19.18,19.28,187920
REE,9/14/2016,19.00,19.33,19.00,19.23,227510
REE,9/15/2016,19.28,19.28,19.00,19.04,126800
REE,9/16/2016,19.00,19.18,19.00,19.14,167470
REE,9/19/2016,19.18,19.94,19.14,19.75,1065500
REE,9/20/2016,19.75,20.08,19.66,19.75,714410
REE,9/21/2016,19.75,19.84,19.47,19.75,518090
REE,9/22/2016,19.84,20.50,19.75,20.41,1885370
REE,9/23/2016,20.31,21.07,20.27,20.83,1101980
REE,9/26/2016,20.88,21.35,20.88,21.35,1144790
REE,9/27/2016,21.35,21.35,20.88,21.02,956940
REE,9/28/2016,21.07,21.16,20.64,20.78,1176020
REE,9/29/2016,20.74,21.21,20.50,20.69,846410
REE,9/30/2016,20.59,21.02,20.03,20.31,876460
REE,10/3/2016,20.50,20.50,19.94,20.08,774580
REE,10/4/2016,20.13,20.64,19.89,19.94,1347080
REE,10/5/2016,19.94,20.31,19.94,20.03,479920
REE,10/6/2016,20.03,20.22,19.89,19.89,488080
REE,10/7/2016,19.89,19.94,19.47,19.75,1119670
REE,10/10/2016,19.75,19.75,19.37,19.51,579980
REE,10/11/2016,19.61,20.13,19.51,20.13,721080
REE,10/12/2016,20.03,20.13,19.80,20.03,291720
REE,10/13/2016,19.94,20.08,19.84,20.08,397520
REE,10/14/2016,19.98,20.13,19.94,20.03,471540
REE,10/17/2016,20.13,20.17,19.66,19.70,378850
REE,10/18/2016,19.61,19.75,19.51,19.75,273300
REE,10/19/2016,19.84,19.84,19.61,19.70,302750
REE,10/20/2016,19.75,19.75,19.51,19.51,308270
REE,10/21/2016,19.51,19.70,19.42,19.42,230100
REE,10/24/2016,19.51,19.51,19.33,19.42,204000
REE,10/25/2016,19.42,19.47,19.18,19.37,386380
REE,10/26/2016,19.33,19.80,19.33,19.66,595910
REE,10/27/2016,19.51,19.94,19.51,19.75,294370
REE,10/28/2016,19.70,19.94,19.66,19.84,434480
REE,10/31/2016,19.98,20.17,19.89,19.98,452990
REE,11/1/2016,19.94,20.03,19.75,20.03,296010
REE,11/2/2016,19.84,19.98,19.70,19.84,164420
REE,11/3/2016,19.70,19.70,18.81,19.47,401820
REE,11/4/2016,19.47,19.56,19.37,19.37,110570
REE,11/7/2016,19.28,19.56,19.28,19.42,192220
REE,11/8/2016,19.61,19.61,19.42,19.51,140530
REE,11/9/2016,19.47,19.47,18.81,19.09,687270
REE,11/10/2016,19.42,19.51,19.18,19.42,428930
REE,11/11/2016,19.56,20.41,19.47,19.98,1088920
REE,11/14/2016,20.03,20.50,19.94,20.31,875650
REE,11/15/2016,20.36,20.64,20.22,20.59,789820
REE,11/16/2016,20.59,20.59,20.31,20.31,418200
REE,11/17/2016,20.31,20.45,20.17,20.41,500340
REE,11/18/2016,20.50,20.97,20.36,20.69,885660
REE,11/21/2016,20.69,21.07,20.69,20.74,427730
REE,11/22/2016,20.64,20.88,20.41,20.41,541060
REE,11/23/2016,20.55,20.55,20.31,20.36,372220
REE,11/24/2016,20.36,20.41,20.27,20.31,405740
REE,11/25/2016,20.41,20.59,20.31,20.41,301700
REE,11/28/2016,20.36,20.41,20.13,20.31,420060
REE,11/29/2016,20.31,20.36,20.13,20.22,266070
REE,11/30/2016,20.22,20.92,20.22,20.88,999030
REE,12/1/2016,21.16,21.16,20.64,20.69,703290
REE,12/2/2016,20.88,21.16,20.55,20.74,497390
REE,12/5/2016,20.78,21.21,20.41,21.16,1460310
REE,12/6/2016,20.97,21.25,20.50,20.59,674220
REE,12/7/2016,20.69,20.92,20.50,20.88,486290
REE,12/8/2016,20.97,21.07,20.74,21.02,592310
REE,12/9/2016,21.02,21.02,20.88,20.97,305820
REE,12/12/2016,20.78,20.92,20.41,20.41,535160
REE,12/13/2016,20.41,20.50,20.13,20.31,286620
REE,12/14/2016,20.31,20.88,20.31,20.88,536200
REE,12/15/2016,20.88,21.91,20.69,21.91,2311370
REE,12/16/2016,21.91,22.29,21.68,22.01,851080
REE,12/19/2016,22.10,22.62,22.10,22.43,1026430
REE,12/20/2016,22.19,22.71,22.19,22.52,1683510
REE,12/21/2016,22.48,22.90,22.48,22.71,1142340
REE,12/22/2016,22.71,22.76,22.43,22.48,974870
REE,12/23/2016,22.66,22.71,22.38,22.57,1181420
REE,12/26/2016,22.57,22.66,22.38,22.52,579510
REE,12/27/2016,22.48,23.23,22.43,23.23,1549080
REE,12/28/2016,23.32,23.42,23.09,23.13,920420
REE,12/29/2016,23.13,23.60,23.13,23.13,1654910
REE,12/30/2016,23.13,23.23,23.04,23.18,598650
REE,1/3/2017,23.32,23.56,23.18,23.51,965090
REE,1/4/2017,23.60,23.79,23.32,23.51,686290
REE,1/5/2017,23.60,23.93,23.32,23.79,1459250
REE,1/6/2017,23.75,23.89,23.51,23.51,404490
REE,1/9/2017,23.51,23.70,23.32,23.42,561390
REE,1/10/2017,23.42,23.42,22.76,22.76,1819960
REE,1/11/2017,22.76,23.23,22.71,23.23,875320
REE,1/12/2017,23.13,23.70,23.13,23.51,1217460
REE,1/13/2017,23.70,23.79,23.46,23.60,1002510
REE,1/16/2017,23.60,23.84,23.42,23.51,923110
REE,1/17/2017,23.65,23.75,23.42,23.51,621020
REE,1/18/2017,23.70,24.55,23.51,24.22,1291080
REE,1/19/2017,24.26,24.26,24.03,24.22,412640
REE,1/20/2017,24.22,24.22,23.89,24.07,609520
REE,1/23/2017,23.89,23.98,23.27,23.37,1499940
REE,1/24/2017,23.42,23.89,23.42,23.84,430290
REE,1/25/2017,23.70,24.45,23.70,24.17,809290
REE,2/2/2017,24.36,24.59,24.36,24.45,1200750
REE,2/3/2017,24.59,24.59,24.26,24.36,582330
REE,2/6/2017,24.45,25.11,24.45,24.83,1166370
REE,2/7/2017,24.69,25.49,24.69,25.30,1345670
REE,2/8/2017,25.30,25.49,25.01,25.30,392460
REE,2/9/2017,25.30,26.00,25.20,25.77,1034740
REE,2/10/2017,26.05,26.05,25.77,25.77,769250
REE,2/13/2017,25.95,26.14,25.77,26.14,797380
REE,2/14/2017,26.24,26.24,25.63,25.86,1342620
REE,2/15/2017,25.95,26.33,25.81,25.95,1174570
REE,2/16/2017,25.77,25.86,25.39,25.39,1942590
REE,2/17/2017,25.39,25.67,25.20,25.67,1161830
REE,2/20/2017,25.58,26.05,25.58,25.86,739330
REE,2/21/2017,25.86,25.91,25.58,25.63,474520
REE,2/22/2017,25.58,25.58,25.11,25.34,1052440
REE,2/23/2017,25.39,25.39,24.97,25.11,671560
REE,2/24/2017,25.11,25.20,24.87,24.92,656260
REE,2/27/2017,24.83,25.30,24.83,25.25,457760
REE,2/28/2017,25.80,25.80,25.10,25.10,632100
REE,3/1/2017,24.90,24.90,24.10,24.75,852800
REE,3/2/2017,24.60,24.85,24.55,24.80,214210
REE,3/3/2017,24.65,24.70,24.30,24.65,508570
REE,3/6/2017,24.75,25.85,24.75,25.70,856740
REE,3/7/2017,25.70,26.20,25.50,26.15,1126470
REE,3/8/2017,26.10,26.30,25.95,26.10,700560
REE,3/9/2017,25.95,26.10,25.80,25.80,423980
REE,3/10/2017,26.00,27.20,26.00,27.00,2465120
REE,3/13/2017,27.00,27.70,26.60,27.20,2369630
REE,3/14/2017,27.40,28.20,27.30,28.10,1940790
REE,3/15/2017,28.10,28.40,27.60,27.60,1086780
REE,3/16/2017,27.60,28.00,27.50,28.00,993410
REE,3/17/2017,28.00,28.05,27.60,27.70,823140
REE,3/20/2017,27.70,28.50,27.60,27.80,876220
REE,3/21/2017,27.50,27.60,26.50,26.80,3321110
REE,3/22/2017,26.75,27.15,26.30,26.30,2077820
REE,3/23/2017,26.15,27.10,26.10,27.00,530810
REE,3/24/2017,27.10,27.10,26.50,26.80,719230
REE,3/27/2017,26.80,26.80,26.20,26.70,1166500
REE,3/28/2017,26.70,27.85,26.70,27.75,2395020
REE,3/29/2017,27.90,28.65,27.80,28.00,3838730
REE,3/30/2017,28.00,28.15,27.55,27.60,1053200
REE,3/31/2017,27.50,27.50,27.05,27.30,1111800
REE,4/3/2017,27.00,27.20,26.90,27.20,890900
REE,4/4/2017,27.05,27.75,27.05,27.10,701910
REE,4/5/2017,27.00,27.10,26.80,26.80,897390
REE,4/7/2017,26.70,26.85,26.40,26.55,443900
REE,4/10/2017,26.65,26.90,26.60,26.60,652660
REE,4/11/2017,26.60,26.75,26.45,26.60,543610
REE,4/12/2017,26.60,27.20,26.55,26.65,945170
REE,4/13/2017,26.85,26.95,26.60,26.80,730670
REE,4/14/2017,26.90,26.90,26.20,26.30,743620
REE,4/17/2017,26.30,26.40,25.35,25.35,1378610
REE,4/18/2017,25.50,25.60,25.05,25.40,895340
REE,4/19/2017,25.40,25.90,25.30,25.70,489660
REE,4/20/2017,25.90,26.20,25.70,26.00,424930
REE,4/21/2017,26.00,26.45,26.00,26.00,387590
REE,4/24/2017,26.00,26.30,25.60,25.65,416450
REE,4/25/2017,25.60,26.00,25.45,26.00,812480
REE,4/26/2017,26.20,26.80,26.15,26.65,806950
REE,4/27/2017,26.70,28.00,26.65,27.30,1934790
REE,4/28/2017,27.80,28.15,27.60,27.85,2444980
REE,5/3/2017,28.45,29.75,28.30,29.75,4631230
REE,5/4/2017,30.10,30.20,28.80,29.10,2484740
REE,5/5/2017,28.90,29.60,28.90,29.30,1221400
REE,5/8/2017,29.50,30.90,29.10,30.90,2641020
REE,5/9/2017,30.90,32.50,30.90,31.80,2104500
REE,5/10/2017,31.85,32.10,30.75,30.75,2797630
REE,5/11/2017,30.80,31.50,30.25,31.00,2109100
REE,5/12/2017,31.25,32.35,31.10,31.90,1397660
REE,5/15/2017,31.85,31.95,31.50,31.50,1119660
REE,5/16/2017,31.40,32.50,31.10,31.10,3209340
REE,5/17/2017,31.00,31.30,30.50,31.10,1561360
REE,5/18/2017,30.90,31.10,30.50,30.80,1810340
REE,5/19/2017,30.80,32.95,30.80,32.95,3621310
REE,5/22/2017,33.80,33.90,32.30,32.40,1559030
REE,5/23/2017,32.40,33.40,32.40,32.80,1500440
REE,5/24/2017,32.80,33.70,32.70,33.45,1937570
REE,5/25/2017,33.45,34.30,33.25,33.45,1281710
REE,5/26/2017,33.45,33.85,33.05,33.50,766600
REE,5/29/2017,33.85,33.90,33.10,33.10,1059690
REE,5/30/2017,33.10,33.20,31.70,31.75,3892430
REE,5/31/2017,31.70,32.30,31.00,31.65,1010460
REE,6/1/2017,31.85,32.30,31.80,32.10,663980
REE,6/2/2017,32.10,32.40,31.70,32.00,674140
REE,6/5/2017,31.90,32.75,31.90,32.75,854010
REE,6/6/2017,33.00,34.20,32.90,34.00,2450690
REE,6/7/2017,34.50,34.60,33.95,34.00,1242860
REE,6/8/2017,34.00,34.00,33.35,33.60,987680
REE,6/9/2017,33.60,34.30,33.60,33.70,789890
REE,6/12/2017,33.70,33.70,33.40,33.50,632380
REE,6/13/2017,33.50,34.00,33.30,33.80,448020
REE,6/14/2017,34.00,34.20,33.70,33.80,681080
REE,6/15/2017,33.90,34.95,33.70,34.90,2005870
REE,6/16/2017,35.10,35.80,35.05,35.80,1222090
REE,6/19/2017,35.75,35.95,35.20,35.60,1075560
REE,6/20/2017,35.60,35.90,35.50,35.65,1019510
REE,6/21/2017,35.50,36.65,35.00,36.65,1374830
REE,6/22/2017,36.65,36.80,36.30,36.35,1084890
REE,6/23/2017,36.10,36.45,35.95,36.45,880870
REE,6/26/2017,36.40,37.15,36.40,36.70,1083270
REE,6/27/2017,37.00,37.00,36.00,36.25,795300
REE,6/28/2017,36.20,37.00,36.15,37.00,1002350
REE,6/29/2017,37.20,37.55,36.80,37.10,732660
REE,6/30/2017,37.00,37.35,36.85,36.90,707450
REE,7/3/2017,36.90,36.95,36.50,36.55,983730
REE,7/4/2017,36.55,36.95,36.50,36.90,915360
REE,7/5/2017,36.75,37.60,36.70,37.60,955030
REE,7/6/2017,37.65,37.75,37.40,37.45,679840
REE,7/7/2017,37.60,38.05,37.20,37.20,1179180
REE,7/10/2017,37.10,37.50,35.70,36.05,2387930
REE,7/11/2017,36.10,36.30,35.35,36.00,1333090
REE,7/12/2017,36.20,36.35,35.60,36.25,717700
REE,7/13/2017,36.30,36.80,36.20,36.70,778910
REE,7/14/2017,37.00,37.35,36.00,36.60,1205430
REE,7/17/2017,36.65,36.70,35.30,35.45,1583200
REE,7/18/2017,35.20,35.40,34.40,34.70,2103120
REE,7/19/2017,35.10,35.10,33.95,33.95,1725270
REE,7/20/2017,34.00,35.60,33.95,35.00,1334660
REE,7/21/2017,35.10,35.75,35.00,35.00,1054850
REE,7/24/2017,35.00,35.20,34.50,34.60,715710
REE,7/25/2017,35.00,36.00,34.90,36.00,1359040
REE,7/26/2017,36.45,36.70,36.15,36.45,1438890
REE,7/27/2017,36.50,37.40,36.15,37.05,1591560
REE,7/28/2017,37.00,37.10,36.10,36.50,2807850
REE,7/31/2017,36.40,37.40,36.20,37.20,1566140
REE,8/1/2017,37.00,37.35,36.70,36.70,1259910
REE,8/2/2017,36.60,37.15,36.20,37.00,952630
REE,8/3/2017,37.55,38.30,37.50,38.20,4071300
REE,8/4/2017,38.50,38.50,38.00,38.40,1444300
REE,8/7/2017,38.50,39.00,37.80,37.80,1377810
REE,8/8/2017,37.80,38.00,36.90,36.90,2354630
REE,8/9/2017,36.80,36.80,35.65,35.90,2780270
REE,8/10/2017,35.80,36.50,35.80,36.20,1398800
REE,8/11/2017,36.00,36.40,35.85,35.90,1146910
REE,8/14/2017,35.80,36.60,35.80,36.60,829730
REE,8/15/2017,36.60,36.65,35.80,35.90,1099210
REE,8/16/2017,36.00,36.10,35.50,35.50,1144120
REE,8/17/2017,35.70,35.70,34.65,34.80,1491410
REE,8/18/2017,34.50,35.40,34.30,34.95,1887430
REE,8/21/2017,35.00,35.70,35.00,35.30,945800
REE,8/22/2017,35.30,35.35,34.75,34.90,930410
REE,8/23/2017,34.90,35.20,34.75,35.00,535970
REE,8/24/2017,35.00,35.60,35.00,35.50,863870
REE,8/25/2017,35.35,35.70,35.35,35.35,709740
REE,8/28/2017,35.20,35.35,34.80,35.10,1100300
REE,8/29/2017,34.90,35.20,34.70,34.75,1164700
REE,8/30/2017,34.70,34.85,34.40,34.45,1020440
REE,8/31/2017,34.45,35.35,34.45,35.15,995100
REE,9/1/2017,35.10,35.30,35.10,35.25,526640
REE,9/5/2017,35.30,35.50,34.90,35.25,927750
REE,9/6/2017,35.25,35.25,35.00,35.10,386920
REE,9/7/2017,35.00,35.90,34.95,35.65,1547030
REE,9/8/2017,35.65,36.20,35.20,35.20,1058970
REE,9/11/2017,35.20,35.60,35.00,35.15,889620
REE,9/12/2017,35.20,35.90,35.05,35.80,1168250
REE,9/13/2017,36.00,36.40,35.90,36.00,1818000
REE,9/14/2017,36.20,36.30,35.75,35.75,1349930
REE,9/15/2017,35.70,36.30,35.50,36.00,997540
REE,9/18/2017,36.05,36.65,35.90,36.50,2546770
REE,9/19/2017,36.70,36.80,36.20,36.25,1609490
REE,9/20/2017,36.30,36.35,36.10,36.10,711300
REE,9/21/2017,36.10,36.30,36.00,36.10,939190
REE,9/22/2017,36.05,36.55,36.05,36.25,1165880
REE,9/25/2017,36.15,36.45,35.95,35.95,774690
REE,9/26/2017,35.90,36.00,35.35,35.55,1509870
REE,9/27/2017,35.60,35.65,35.15,35.15,1376830
REE,9/28/2017,35.10,35.40,34.55,34.65,2494950
REE,9/29/2017,34.75,35.10,34.55,35.10,1054210
REE,10/2/2017,35.10,35.10,34.65,34.75,828690
REE,10/3/2017,34.70,34.70,34.25,34.40,1505960
REE,10/4/2017,34.50,34.65,34.35,34.60,549100
REE,10/5/2017,34.80,35.10,34.50,34.65,938820
REE,10/6/2017,34.95,34.95,34.55,34.55,455050
REE,10/9/2017,34.55,35.25,34.55,34.80,1198450
REE,10/10/2017,34.70,34.95,34.40,34.85,1042140
REE,10/11/2017,34.90,35.25,34.80,34.80,923710
REE,10/12/2017,34.90,34.90,34.40,34.50,1053970
REE,10/13/2017,34.30,34.85,34.30,34.40,584260
